username;mail
lambertemma;vsmith@yahoo.com
greid;graceholloway@yahoo.com
kristin75;stacy77@yahoo.com
ecox;kimrosario@hotmail.com
markhall;edwardswilliam@hotmail.com
mmorales;sarahrodriguez@hotmail.com
hollyrussell;hartedward@yahoo.com
jamesperry;nguyenanthony@hotmail.com
madison37;willie20@yahoo.com
suzanne85;matthew73@gmail.com
gregory31;warrenberry@gmail.com
angela88;khughes@gmail.com
hsimmons;sullivanpaula@gmail.com
jeremy49;cookphilip@yahoo.com
gregory97;ramirezkristine@hotmail.com
ksullivan;melinda76@hotmail.com
louisgentry;fpark@gmail.com
allenmelanie;tinaschroeder@yahoo.com
sandra34;wgonzalez@gmail.com
kristinpatterson;hmoody@hotmail.com
shelbyvilla;athomas@yahoo.com
zwood;keithwilliams@gmail.com
miguelfields;gharrington@hotmail.com
samantha86;gatesbarry@gmail.com
victoria22;laura73@gmail.com
butleralexandra;scowan@gmail.com
steven90;brittneymoore@yahoo.com
riveranicholas;donnaball@yahoo.com
trevorfrench;connerkatie@hotmail.com
mooneyphillip;lauren58@gmail.com
wcox;ocampbell@gmail.com
alexanderstephanie;douglasjustin@gmail.com
kimberly10;anthonysmith@hotmail.com
david23;ericbryant@gmail.com
gonzalessheila;sandrasanchez@gmail.com
bsullivan;zmoore@hotmail.com
stacy63;oberry@hotmail.com
lopezkayla;angelicamartinez@gmail.com
jenkinsmiguel;robert78@yahoo.com
emily52;nancyterry@gmail.com
marysmith;ytaylor@hotmail.com
fieldsnichole;pellis@yahoo.com
kimberlythomas;yvonne21@gmail.com
brooksmichael;abarnett@yahoo.com
jmartin;pedwards@gmail.com
yhaney;brendajohnson@yahoo.com
carolyoung;morganrush@gmail.com
spenceradam;brittany43@gmail.com
juanbauer;lidennis@gmail.com
albert66;samuel32@gmail.com
hjones;gardnerpatrick@hotmail.com
rita84;hogansean@gmail.com
clairemosley;caitlynhoover@gmail.com
qfrazier;thomasbooth@yahoo.com
dblankenship;xsummers@yahoo.com
espinozaconnie;david02@hotmail.com
bwatkins;marissajames@gmail.com
robertrobinson;dcortez@yahoo.com
wrightmelinda;jimenezlisa@hotmail.com
ejohnson;kadams@yahoo.com
owenedward;james73@gmail.com
tiffanyarnold;sheri31@hotmail.com
zdominguez;karen44@hotmail.com
youngjeff;martha12@yahoo.com
haneyroger;dixonlee@hotmail.com
gstewart;tonya17@hotmail.com
maria58;katie22@gmail.com
kjones;bhicks@yahoo.com
vanessa63;mccoylaura@hotmail.com
shermanjustin;elizabethgraves@gmail.com
ipittman;williamingram@hotmail.com
randy96;ftorres@yahoo.com
margaret79;bakerjeffrey@gmail.com
alexandria94;bridgesscott@hotmail.com
williamslaura;clarkchristine@hotmail.com
robinsondiana;andrewsantiago@hotmail.com
nhernandez;lindsey28@hotmail.com
goodmanrachel;rgreen@hotmail.com
kelleydeborah;blankenshipsamantha@gmail.com
ashleyfranklin;brianhill@yahoo.com
scottwilliamson;swells@yahoo.com
crystalnunez;ochoaaustin@gmail.com
christine82;justin53@gmail.com
brianwood;tlewis@gmail.com
ohoffman;smyers@gmail.com
jgarner;stephanieramos@yahoo.com
monicacarr;lisaschwartz@gmail.com
james76;mariadeleon@yahoo.com
hoganjonathan;gillaustin@gmail.com
nathanrosales;bill74@gmail.com
tpearson;adamsstephen@hotmail.com
adriana64;ruth73@yahoo.com
lee85;beckkendra@gmail.com
jacqueline92;michael70@gmail.com
matthew56;johnnyschultz@gmail.com
kramirez;opatrick@yahoo.com
sclark;dfisher@gmail.com
nicholasrobinson;jennifer11@gmail.com
ystout;elizabeththomas@hotmail.com
austin46;rhiggins@yahoo.com
moorekelly;lauragardner@yahoo.com
vazquezjohn;scottnicholas@gmail.com
justin25;ewalker@yahoo.com
robert89;lsimmons@gmail.com
todd08;hilladrienne@hotmail.com
